<?xml version="1.0"?>
<!--

	Distributed under the terms of an MIT-style license:

	The MIT License

	Copyright (c) 2006-2008 Stephen M. McKamey

	Permission is hereby granted, free of charge, to any person obtaining a copy
	of this software and associated documentation files (the "Software"), to deal
	in the Software without restriction, including without limitation the rights
	to use, copy, modify, merge, publish, distribute, sublicense, and/or sell
	copies of the Software, and to permit persons to whom the Software is
	furnished to do so, subject to the following conditions:

	The above copyright notice and this permission notice shall be included in
	all copies or substantial portions of the Software.

	THE SOFTWARE IS PROVIDED "AS IS", WITHOUT WARRANTY OF ANY KIND, EXPRESS OR
	IMPLIED, INCLUDING BUT NOT LIMITED TO THE WARRANTIES OF MERCHANTABILITY,
	FITNESS FOR A PARTICULAR PURPOSE AND NONINFRINGEMENT. IN NO EVENT SHALL THE
	AUTHORS OR COPYRIGHT HOLDERS BE LIABLE FOR ANY CLAIM, DAMAGES OR OTHER
	LIABILITY, WHETHER IN AN ACTION OF CONTRACT, TORT OR OTHERWISE, ARISING FROM,
	OUT OF OR IN CONNECTION WITH THE SOFTWARE OR THE USE OR OTHER DEALINGS IN
	THE SOFTWARE.

-->
<ArrayOfMimeType
		xmlns:xsi="http://www.w3.org/2001/XMLSchema-instance"
		xmlns:xsd="http://www.w3.org/2001/XMLSchema">
	<MimeType>
		<FileExt>.323</FileExt>
		<ContentType>text/h323</ContentType>
	</MimeType>
	<MimeType>
		<Name>MPEG-2 Advanced Audio Coding (AAC)</Name>
		<FileExt>.aac</FileExt>
		<ContentType>audio/aac</ContentType>
		<Category>Audio</Category>
	</MimeType>
	<MimeType>
		<FileExt>.aaf</FileExt>
		<ContentType>application/octet-stream</ContentType>
	</MimeType>
	<MimeType>
		<FileExt>.aca</FileExt>
		<ContentType>application/octet-stream</ContentType>
	</MimeType>
	<MimeType>
		<FileExt>.acx</FileExt>
		<ContentType>application/internet-property-stream</ContentType>
	</MimeType>
	<MimeType>
		<FileExt>.afm</FileExt>
		<ContentType>application/octet-stream</ContentType>
	</MimeType>
	<MimeType>
		<Name>Adobe Illustrator</Name>
		<FileExt>.ai</FileExt>
		<ContentType>application/postscript</ContentType>
		<Category>Image</Category>
	</MimeType>
	<MimeType>
		<Name>Audio Interchange File Format (AIFF)</Name>
		<FileExt>.aif</FileExt>
		<FileExt>.aiff</FileExt>
		<FileExt>.aifc</FileExt>
		<ContentType>audio/aiff</ContentType>
		<ContentType>audio/x-aiff</ContentType>
		<ContentType>sound/aiff</ContentType>
		<ContentType>audio/rmf</ContentType>
		<ContentType>audio/x-rmf</ContentType>
		<ContentType>audio/x-pn-aiff</ContentType>
		<ContentType>audio/x-gsm</ContentType>
		<ContentType>audio/x-midi</ContentType>
		<ContentType>audio/vnd.qcelp</ContentType>
		<Category>Audio</Category>
	</MimeType>
	<MimeType>
		<FileExt>.application</FileExt>
		<ContentType>application/x-ms-application</ContentType>
	</MimeType>
	<MimeType>
		<FileExt>.art</FileExt>
		<ContentType>image/x-jg</ContentType>
		<Category>Image</Category>
	</MimeType>
	<MimeType>
		<FileExt>.asd</FileExt>
		<ContentType>application/octet-stream</ContentType>
		<Category>Video</Category>
	</MimeType>
	<MimeType>
		<Name>Advanced Streaming Format (ASF)</Name>
		<FileExt>.asf</FileExt>
		<ContentType>video/x-ms-asf</ContentType>
		<ContentType>audio/asf</ContentType>
		<ContentType>application/asx</ContentType>
		<ContentType>video/x-ms-asf-plugin</ContentType>
		<ContentType>application/x-mplayer2</ContentType>
		<ContentType>video/x-ms-asf</ContentType>
		<ContentType>application/vnd.ms-asf</ContentType>
		<ContentType>video/x-ms-asf-plugin</ContentType>
		<ContentType>video/x-ms-wm</ContentType>
		<ContentType>video/x-ms-wmx</ContentType>
		<Category>Video</Category>
	</MimeType>
	<MimeType>
		<FileExt>.asi</FileExt>
		<ContentType>application/octet-stream</ContentType>
	</MimeType>
	<MimeType>
		<Name>ASP.NET UserControl</Name>
		<FileExt>.ascx</FileExt>
		<ContentType>text/plain</ContentType>
		<Category>Code</Category>
	</MimeType>
	<MimeType>
		<Name>ASP.NET HttpHandler</Name>
		<FileExt>.ashx</FileExt>
		<ContentType>text/plain</ContentType>
		<Category>Code</Category>
	</MimeType>
	<MimeType>
		<Name>ASP.NET WebService</Name>
		<FileExt>.asmx</FileExt>
		<ContentType>text/plain</ContentType>
		<Category>Code</Category>
	</MimeType>
	<MimeType>
		<Name>ASP.NET WebForm</Name>
		<FileExt>.aspx</FileExt>
		<ContentType>text/plain</ContentType>
		<Category>Code</Category>
	</MimeType>
	<MimeType>
		<Name>Assembler Source Code</Name>
		<FileExt>.asm</FileExt>
		<ContentType>text/plain</ContentType>
		<ContentType>text/x-asm</ContentType>
		<Category>Code</Category>
	</MimeType>
	<MimeType>
		<FileExt>.asr</FileExt>
		<ContentType>video/x-ms-asf</ContentType>
		<Category>Video</Category>
	</MimeType>
	<MimeType>
		<Name>Advanced Stream Redirector (ASX)</Name>
		<FileExt>.asx</FileExt>
		<ContentType>video/x-ms-asf</ContentType>
		<ContentType>video/asx</ContentType>
		<ContentType>application/asx</ContentType>
		<ContentType>video/x-ms-asf-plugin</ContentType>
		<ContentType>application/x-mplayer2</ContentType>
		<ContentType>application/vnd.ms-asf</ContentType>
		<ContentType>video/x-ms-asf-plugin</ContentType>
		<ContentType>video/x-ms-wm</ContentType>
		<ContentType>video/x-ms-wmx</ContentType>
		<ContentType>video/x-la-asf</ContentType>
		<Category>Video</Category>
	</MimeType>
	<MimeType>
		<Name>Atom News Feed</Name>
		<FileExt>.atom</FileExt>
		<ContentType>application/atom+xml</ContentType>
		<Category>Xml</Category>
	</MimeType>
	<MimeType>
		<Name>Unix Audio (AU)</Name>
		<FileExt>.au</FileExt>
		<ContentType>audio/basic</ContentType>
		<Category>Audio</Category>
	</MimeType>
	<MimeType>
		<Name>Audio Visual Interleave (AVI)</Name>
		<FileExt>.avi</FileExt>
		<ContentType>video/x-msvideo</ContentType>
		<ContentType>video/avi</ContentType>
		<ContentType>video/x-msvideo</ContentType>
		<ContentType>image/avi</ContentType>
		<ContentType>video/xmpg2</ContentType>
		<ContentType>application/x-troff-msvideo</ContentType>
		<ContentType>audio/avi</ContentType>
		<Category>Video</Category>
	</MimeType>
	<MimeType>
		<FileExt>.axs</FileExt>
		<ContentType>application/olescript</ContentType>
	</MimeType>
	<MimeType>
		<Name>BASIC Source Code</Name>
		<FileExt>.bas</FileExt>
		<ContentType>text/plain</ContentType>
		<ContentType>application/octet-stream</ContentType>
		<Category>Code</Category>
	</MimeType>
	<MimeType>
		<FileExt>.bcpio</FileExt>
		<ContentType>application/x-bcpio</ContentType>
	</MimeType>
	<MimeType>
		<FileExt>.bin</FileExt>
		<ContentType>application/octet-stream</ContentType>
		<Category>Binary</Category>
	</MimeType>
	<MimeType>
		<Name>BitMap</Name>
		<FileExt>.bmp</FileExt>
		<ContentType>image/bmp</ContentType>
		<Category>Image</Category>
	</MimeType>
	<MimeType>
		<Name>ASP.NET Browser File</Name>
		<FileExt>.browser</FileExt>
		<ContentType>text/plain</ContentType>
		<Category>Xml</Category>
	</MimeType>
	<MimeType>
		<Name>C Source Code</Name>
		<FileExt>.c</FileExt>
		<ContentType>text/plain</ContentType>
		<Category>Code</Category>
	</MimeType>
	<MimeType>
		<FileExt>.cab</FileExt>
		<ContentType>application/octet-stream</ContentType>
		<Category>Compressed</Category>
	</MimeType>
	<MimeType>
		<FileExt>.cat</FileExt>
		<ContentType>application/vnd.ms-pki.seccat</ContentType>
	</MimeType>
	<MimeType>
		<Name>CD Audio Track</Name>
		<FileExt>.cda</FileExt>
		<ContentType>audio/wav</ContentType>
		<Category>Audio</Category>
	</MimeType>
	<MimeType>
		<FileExt>.cdf</FileExt>
		<ContentType>application/x-cdf</ContentType>
	</MimeType>
	<MimeType>
		<Name>Compiled Help Module</Name>
		<FileExt>.chm</FileExt>
		<ContentType>application/octet-stream</ContentType>
	</MimeType>
	<MimeType>
		<Name>C# Source Code</Name>
		<FileExt>.cs</FileExt>
		<ContentType>text/plain</ContentType>
		<Category>Code</Category>
	</MimeType>
	<MimeType>
		<Name>Java Application</Name>
		<FileExt>.class</FileExt>
		<ContentType>application/x-java-applet</ContentType>
		<Category>Binary</Category>
	</MimeType>
	<MimeType>
		<FileExt>.clp</FileExt>
		<ContentType>application/x-msclip</ContentType>
	</MimeType>
	<MimeType>
		<FileExt>.cmx</FileExt>
		<ContentType>image/x-cmx</ContentType>
		<Category>Image</Category>
	</MimeType>
	<MimeType>
		<FileExt>.cnf</FileExt>
		<ContentType>text/plain</ContentType>
	</MimeType>
	<MimeType>
		<FileExt>.cod</FileExt>
		<ContentType>image/cis-cod</ContentType>
		<Category>Image</Category>
	</MimeType>
	<MimeType>
		<FileExt>.config</FileExt>
		<ContentType>application/xml</ContentType>
		<ContentType>text/xml</ContentType>
		<Category>Xml</Category>
	</MimeType>
	<MimeType>
		<FileExt>.cpio</FileExt>
		<ContentType>application/x-cpio</ContentType>
	</MimeType>
	<MimeType>
		<Name>C++ Source Code</Name>
		<FileExt>.cpp</FileExt>
		<FileExt>.cxx</FileExt>
		<ContentType>text/plain</ContentType>
		<Category>Code</Category>
	</MimeType>
	<MimeType>
		<FileExt>.crd</FileExt>
		<ContentType>application/x-mscardfile</ContentType>
	</MimeType>
	<MimeType>
		<FileExt>.crl</FileExt>
		<ContentType>application/pkix-crl</ContentType>
	</MimeType>
	<MimeType>
		<FileExt>.crt</FileExt>
		<ContentType>application/x-x509-ca-cert</ContentType>
	</MimeType>
	<MimeType>
		<FileExt>.csh</FileExt>
		<ContentType>application/x-csh</ContentType>
		<Category>Binary</Category>
	</MimeType>
	<MimeType>
		<Name>Cascading Style Sheet</Name>
		<FileExt>.css</FileExt>
		<ContentType>text/css</ContentType>
		<Category>Code</Category>
	</MimeType>
	<MimeType>
		<Name>Comma Seperated Values</Name>
		<FileExt>.csv</FileExt>
		<ContentType>application/octet-stream</ContentType>
		<Category>Text</Category>
	</MimeType>
	<MimeType>
		<FileExt>.cur</FileExt>
		<ContentType>application/octet-stream</ContentType>
	</MimeType>
	<MimeType>
		<FileExt>.dcr</FileExt>
		<ContentType>application/x-director</ContentType>
	</MimeType>
	<MimeType>
		<FileExt>.deploy</FileExt>
		<ContentType>application/octet-stream</ContentType>
	</MimeType>
	<MimeType>
		<FileExt>.der</FileExt>
		<ContentType>application/x-x509-ca-cert</ContentType>
	</MimeType>
	<MimeType>
		<FileExt>.dib</FileExt>
		<ContentType>image/bmp</ContentType>
		<Category>Image</Category>
	</MimeType>
	<MimeType>
		<Name>Macromedia Director</Name>
		<FileExt>.dir</FileExt>
		<ContentType>application/x-director</ContentType>
		<Category>Video</Category>
	</MimeType>
	<MimeType>
		<Name>Web Service Discovery</Name>
		<FileExt>.disco</FileExt>
		<ContentType>application/xml</ContentType>
		<ContentType>text/xml</ContentType>
		<Category>Xml</Category>
	</MimeType>
	<MimeType>
		<Name>Dynamic Link Library</Name>
		<FileExt>.dll</FileExt>
		<ContentType>application/x-msdownload</ContentType>
		<ContentType>application/octet-stream</ContentType>
		<Category>Binary</Category>
	</MimeType>
	<MimeType>
		<FileExt>.dlm</FileExt>
		<ContentType>text/dlm</ContentType>
	</MimeType>
	<MimeType>
		<Name>Microsoft Word</Name>
		<FileExt>.doc</FileExt>
		<ContentType>application/msword</ContentType>
		<Category>Document</Category>
	</MimeType>
	<MimeType>
		<Name>Microsoft Word Template</Name>
		<FileExt>.dot</FileExt>
		<ContentType>application/msword</ContentType>
		<Category>Document</Category>
	</MimeType>
	<MimeType>
		<FileExt>.dsp</FileExt>
		<ContentType>application/octet-stream</ContentType>
	</MimeType>
	<MimeType>
		<FileExt>.dtd</FileExt>
		<ContentType>application/xml</ContentType>
		<ContentType>text/xml</ContentType>
		<Category>Xml</Category>
	</MimeType>
	<MimeType>
		<Name>TeX Device Independent</Name>
		<FileExt>.dvi</FileExt>
		<ContentType>application/x-dvi</ContentType>
		<Category>Document</Category>
	</MimeType>
	<MimeType>
		<Name>Microsoft Digital Video Recording</Name>
		<Description>Video contained in a *.dvr-ms file is encoded as MPEG-2 video stream, and the audio contained in the *.dvr-ms file is encoded as MPEG-1 Layer II audio stream.</Description>
		<FileExt>.dvr-ms</FileExt>
		<ContentType>application/vnd.ms-dvr</ContentType>
		<Category>Video</Category>
	</MimeType>
	<MimeType>
		<FileExt>.dwf</FileExt>
		<ContentType>drawing/x-dwf</ContentType>
		<Category>Image</Category>
	</MimeType>
	<MimeType>
		<Name>SharePoint WebPart Descriptor</Name>
		<FileExt>.dwp</FileExt>
		<ContentType>application/octet-stream</ContentType>
		<Category>Xml</Category>
	</MimeType>
	<MimeType>
		<Name>Macromedia Director</Name>
		<FileExt>.dxr</FileExt>
		<ContentType>application/x-director</ContentType>
		<ContentType>application/vnd.dxr</ContentType>
		<Category>Video</Category>
	</MimeType>
	<MimeType>
		<Name>Email</Name>
		<FileExt>.eml</FileExt>
		<FileExt>.mhtml</FileExt>
		<FileExt>.mht</FileExt>
		<FileExt>.nws</FileExt>
		<ContentType>message/rfc822</ContentType>
		<Category>Text</Category>
	</MimeType>
	<MimeType>
		<FileExt>.emz</FileExt>
		<ContentType>application/octet-stream</ContentType>
	</MimeType>
	<MimeType>
		<FileExt>.eot</FileExt>
		<ContentType>application/octet-stream</ContentType>
	</MimeType>
	<MimeType>
		<Name>Encapsulated PostScript (EPS)</Name>
		<FileExt>.eps</FileExt>
		<ContentType>application/postscript</ContentType>
		<Category>Image</Category>
	</MimeType>
	<MimeType>
		<FileExt>.etx</FileExt>
		<ContentType>text/x-setext</ContentType>
	</MimeType>
	<MimeType>
		<FileExt>.evy</FileExt>
		<ContentType>application/envoy</ContentType>
	</MimeType>
	<MimeType>
		<Name>Executable</Name>
		<FileExt>.exe</FileExt>
		<ContentType>application/octet-stream</ContentType>
		<Category>Binary</Category>
	</MimeType>
	<MimeType>
		<FileExt>.fdf</FileExt>
		<ContentType>application/vnd.fdf</ContentType>
	</MimeType>
	<MimeType>
		<FileExt>.fif</FileExt>
		<ContentType>application/fractals</ContentType>
	</MimeType>
	<MimeType>
		<FileExt>.fla</FileExt>
		<ContentType>application/octet-stream</ContentType>
	</MimeType>
	<MimeType>
		<FileExt>.flr</FileExt>
		<ContentType>x-world/x-vrml</ContentType>
	</MimeType>
	<MimeType>
		<Name>Graphics Interchange Format (GIF)</Name>
		<FileExt>.gif</FileExt>
		<FileExt>.thm</FileExt>
		<ContentType>image/gif</ContentType>
		<Category>Image</Category>
	</MimeType>
	<MimeType>
		<Name>GNU Tar Archive</Name>
		<FileExt>.gtar</FileExt>
		<ContentType>application/x-gtar</ContentType>
		<Category>Compressed</Category>
	</MimeType>
	<MimeType>
		<Name>GNU Zip Archive</Name>
		<FileExt>.gz</FileExt>
		<ContentType>application/gzip</ContentType>
		<ContentType>application/x-gzip</ContentType>
		<ContentType>application/x-gunzip</ContentType>
		<ContentType>application/gzipped</ContentType>
		<ContentType>application/gzip-compressed</ContentType>
		<ContentType>application/x-compressed</ContentType>
		<ContentType>application/x-compress</ContentType>
		<ContentType>gzip/document</ContentType>
		<ContentType>application/octet-stream</ContentType>
		<Category>Compressed</Category>
	</MimeType>
	<MimeType>
		<Name>C Source Header</Name>
		<FileExt>.h</FileExt>
		<ContentType>text/plain</ContentType>
		<Category>Code</Category>
	</MimeType>
	<MimeType>
		<FileExt>.hdf</FileExt>
		<ContentType>application/x-hdf</ContentType>
	</MimeType>
	<MimeType>
		<FileExt>.hdml</FileExt>
		<ContentType>text/x-hdml</ContentType>
	</MimeType>
	<MimeType>
		<FileExt>.hhc</FileExt>
		<ContentType>application/x-oleobject</ContentType>
	</MimeType>
	<MimeType>
		<FileExt>.hhk</FileExt>
		<ContentType>application/octet-stream</ContentType>
	</MimeType>
	<MimeType>
		<FileExt>.hhp</FileExt>
		<ContentType>application/octet-stream</ContentType>
	</MimeType>
	<MimeType>
		<FileExt>.hlp</FileExt>
		<ContentType>application/winhlp</ContentType>
	</MimeType>
	<MimeType>
		<Name>BinHex Archive</Name>
		<FileExt>.hqx</FileExt>
		<ContentType>application/mac-binhex40</ContentType>
	</MimeType>
	<MimeType>
		<Name>HTML Application</Name>
		<FileExt>.hta</FileExt>
		<ContentType>application/hta</ContentType>
		<Category>Code</Category>
	</MimeType>
	<MimeType>
		<FileExt>.htc</FileExt>
		<ContentType>text/x-component</ContentType>
	</MimeType>
	<MimeType>
		<Name>HyperText Markup Language (HTML)</Name>
		<FileExt>.htm</FileExt>
		<FileExt>.html</FileExt>
		<FileExt>.shtml</FileExt>
		<FileExt>.hxt</FileExt>
		<ContentType>text/html</ContentType>
		<Category>Code</Category>
	</MimeType>
	<MimeType>
		<FileExt>.htt</FileExt>
		<ContentType>text/webviewhtml</ContentType>
		<Category>Code</Category>
	</MimeType>
	<MimeType>
		<Name>Icon</Name>
		<FileExt>.ico</FileExt>
		<ContentType>image/x-icon</ContentType>
		<Category>Image</Category>
	</MimeType>
	<MimeType>
		<FileExt>.ics</FileExt>
		<ContentType>application/octet-stream</ContentType>
	</MimeType>
	<MimeType>
		<FileExt>.ief</FileExt>
		<ContentType>image/ief</ContentType>
		<Category>Image</Category>
	</MimeType>
	<MimeType>
		<FileExt>.iii</FileExt>
		<ContentType>application/x-iphone</ContentType>
	</MimeType>
	<MimeType>
		<Name>Setup File</Name>
		<FileExt>.inf</FileExt>
		<ContentType>application/octet-stream</ContentType>
		<ContentType>text/inf</ContentType>
		<ContentType>application/x-setupscript</ContentType>
		<Category>Text</Category>
	</MimeType>
	<MimeType>
		<FileExt>.ins</FileExt>
		<ContentType>application/x-internet-signup</ContentType>
	</MimeType>
	<MimeType>
		<FileExt>.isp</FileExt>
		<ContentType>application/x-internet-signup</ContentType>
	</MimeType>
	<MimeType>
		<Name>Indeo Video Technology (IVF)</Name>
		<FileExt>.ivf</FileExt>
		<ContentType>video/x-ivf</ContentType>
		<Category>Video</Category>
	</MimeType>
	<MimeType>
		<Name>Java Archive</Name>
		<FileExt>.jar</FileExt>
		<ContentType>application/java-archive</ContentType>
		<Category>Compressed</Category>
	</MimeType>
	<MimeType>
		<Name>Java Source Code</Name>
		<FileExt>.java</FileExt>
		<ContentType>application/octet-stream</ContentType>
		<Category>Code</Category>
	</MimeType>
	<MimeType>
		<FileExt>.jck</FileExt>
		<ContentType>application/liquidmotion</ContentType>
	</MimeType>
	<MimeType>
		<FileExt>.jcz</FileExt>
		<ContentType>application/liquidmotion</ContentType>
	</MimeType>
	<MimeType>
		<FileExt>.jpb</FileExt>
		<ContentType>application/octet-stream</ContentType>
	</MimeType>
	<MimeType primary="true">
		<Name>Joint Photographic Experts Group (JPEG)</Name>
		<FileExt>.jpg</FileExt>
		<FileExt>.jpeg</FileExt>
		<FileExt>.jpe</FileExt>
		<FileExt>.jp2</FileExt>
		<FileExt>.jfif</FileExt>
		<ContentType>image/jpeg</ContentType>
		<ContentType>image/pjpeg</ContentType>
		<ContentType>image/jp2</ContentType>
		<Category>Image</Category>
	</MimeType>
	<MimeType>
		<Name>JavaScript Source Code</Name>
		<Description>Includes ECMAScript, JavaScript, JScript, and LiveScript</Description>
		<FileExt>.js</FileExt>
		<ContentType>application/javascript</ContentType>
		<ContentType>application/ecmascript</ContentType>
		<ContentType>application/x-javascript</ContentType>
		<ContentType>application/x-ecmascript</ContentType>
		<ContentType>text/javascript</ContentType>
		<ContentType>text/javascript1.0</ContentType>
		<ContentType>text/javascript1.1</ContentType>
		<ContentType>text/javascript1.2</ContentType>
		<ContentType>text/javascript1.3</ContentType>
		<ContentType>text/javascript1.4</ContentType>
		<ContentType>text/javascript1.5</ContentType>
		<ContentType>text/jscript</ContentType>
		<ContentType>text/ecmascript</ContentType>
		<ContentType>text/livescript</ContentType>
		<ContentType>text/x-javascript</ContentType>
		<ContentType>text/x-ecmascript</ContentType>
		<Category>Code</Category>
	</MimeType>
	<MimeType>
		<Name>JsonML+BST Template</Name>
		<FileExt>.jbst</FileExt>
		<ContentType>text/javascript</ContentType>
		<ContentType>application/javascript</ContentType>
		<Category>Code</Category>
	</MimeType>
	<MimeType>
		<Name>JSON Data</Name>
		<FileExt>.json</FileExt>
		<ContentType>text/javascript</ContentType>
		<ContentType>application/javascript</ContentType>
		<Category>Code</Category>
	</MimeType>
	<MimeType>
		<Name>JSON-RPC Service End-Point</Name>
		<FileExt>.jrpc</FileExt>
		<FileExt>.jsonrpc</FileExt>
		<ContentType>text/javascript</ContentType>
		<ContentType>application/javascript</ContentType>
		<Category>Code</Category>
	</MimeType>
	<MimeType>
		<Name>LaTeX</Name>
		<FileExt>.latex</FileExt>
		<FileExt>.tex</FileExt>
		<ContentType>application/x-tex</ContentType>
		<ContentType>application/x-latex</ContentType>
		<ContentType>text/x-latex</ContentType>
		<Category>Code</Category>
	</MimeType>
	<MimeType>
		<FileExt>.lit</FileExt>
		<ContentType>application/x-ms-reader</ContentType>
	</MimeType>
	<MimeType>
		<FileExt>.lpk</FileExt>
		<ContentType>application/octet-stream</ContentType>
	</MimeType>
	<MimeType>
		<FileExt>.lsf</FileExt>
		<ContentType>video/x-la-asf</ContentType>
		<Category>Video</Category>
	</MimeType>
	<MimeType>
		<FileExt>.lsx</FileExt>
		<ContentType>video/x-la-asf</ContentType>
		<Category>Video</Category>
	</MimeType>
	<MimeType>
		<Name>LZH Archive</Name>
		<FileExt>.lzh</FileExt>
		<ContentType>application/lzh</ContentType>
		<ContentType>application/x-lzh</ContentType>
		<ContentType>application/x-lha</ContentType>
		<ContentType>application/x-compress</ContentType>
		<ContentType>application/x-compressed</ContentType>
		<ContentType>application/x-lzh-archive</ContentType>
		<ContentType>zz-application/zz-winassoc-lzh</ContentType>
		<ContentType>application/maclha</ContentType>
		<ContentType>application/octet-stream</ContentType>
		<Category>Compressed</Category>
	</MimeType>
	<MimeType>
		<FileExt>.m13</FileExt>
		<ContentType>application/x-msmediaview</ContentType>
	</MimeType>
	<MimeType>
		<FileExt>.m14</FileExt>
		<ContentType>application/x-msmediaview</ContentType>
	</MimeType>
	<MimeType>
		<Name>WinAmp MP3 Playlist (M3U)</Name>
		<FileExt>.m3u</FileExt>
		<ContentType>audio/x-mpegurl</ContentType>
		<ContentType>audio/mpegurl</ContentType>
		<Category>Audio</Category>
	</MimeType>
	<MimeType primary="true">
		<Name>MPEG-4 Audio Layer (AAC)</Name>
		<FileExt>.m4a</FileExt>
		<ContentType>audio/mp4</ContentType>
		<ContentType>audio/mp4a</ContentType>
		<ContentType>audio/mp4a-latm</ContentType>
		<ContentType>audio/x-aac</ContentType>
		<Category>Audio</Category>
	</MimeType>
	<MimeType>
		<Name>MPEG-4 Audio Layer (AAC) DRM Protected</Name>
		<FileExt>.m4p</FileExt>
		<ContentType>audio/mp4</ContentType>
		<ContentType>audio/mp4p</ContentType>
		<ContentType>audio/x-aac</ContentType>
		<Category>Audio</Category>
	</MimeType>
	<MimeType>
		<Name>MPEG-4 (MP4), Advanced Audio Coding (AAC)</Name>
		<FileExt>.mp4</FileExt>
		<ContentType>video/mp4</ContentType>
		<Category>Video</Category>
	</MimeType>
	<MimeType>
		<FileExt>.man</FileExt>
		<ContentType>application/x-troff-man</ContentType>
	</MimeType>
	<MimeType>
		<FileExt>.manifest</FileExt>
		<ContentType>application/x-ms-manifest</ContentType>
	</MimeType>
	<MimeType>
		<FileExt>.map</FileExt>
		<ContentType>text/plain</ContentType>
	</MimeType>
	<MimeType>
		<FileExt>.mdb</FileExt>
		<ContentType>application/x-msaccess</ContentType>
	</MimeType>
	<MimeType>
		<FileExt>.mdp</FileExt>
		<ContentType>application/octet-stream</ContentType>
	</MimeType>
	<MimeType>
		<FileExt>.me</FileExt>
		<ContentType>application/x-troff-me</ContentType>
	</MimeType>
	<MimeType>
		<Name>JsonFx Merge File</Name>
		<FileExt>.merge</FileExt>
		<ContentType>text/plain</ContentType>
		<Category>Text</Category>
	</MimeType>
	<MimeType>
		<Name>Musical Instrument Digital Interface (MIDI)</Name>
		<FileExt>.mid</FileExt>
		<FileExt>.midi</FileExt>
		<FileExt>.rmi</FileExt>
		<ContentType>audio/mid</ContentType>
		<Category>Audio</Category>
	</MimeType>
	<MimeType>
		<FileExt>.mix</FileExt>
		<ContentType>application/octet-stream</ContentType>
	</MimeType>
	<MimeType>
		<FileExt>.mmf</FileExt>
		<ContentType>application/x-smaf</ContentType>
	</MimeType>
	<MimeType>
		<FileExt>.mno</FileExt>
		<ContentType>application/xml</ContentType>
		<ContentType>text/xml</ContentType>
		<Category>Xml</Category>
	</MimeType>
	<MimeType>
		<FileExt>.mny</FileExt>
		<ContentType>application/x-msmoney</ContentType>
	</MimeType>
	<MimeType>
		<Name>QuickTime</Name>
		<FileExt>.mov</FileExt>
		<FileExt>.qt</FileExt>
		<ContentType>video/quicktime</ContentType>
		<Category>Video</Category>
	</MimeType>
	<MimeType>
		<FileExt>.movie</FileExt>
		<ContentType>video/x-sgi-movie</ContentType>
		<Category>Video</Category>
	</MimeType>
	<MimeType>
		<Name>MPEG-1 Audio Layer II (MP2)</Name>
		<FileExt>.mp2</FileExt>
		<FileExt>.mpa</FileExt>
		<FileExt>.mpv2</FileExt>
		<ContentType>audio/mpeg</ContentType>
		<ContentType>video/mpeg</ContentType>
		<Category>Audio</Category>
	</MimeType>
	<MimeType primary="true">
		<Name>MPEG-1 Audio Layer III (MP3)</Name>
		<FileExt>.mp3</FileExt>
		<ContentType>audio/mpeg</ContentType>
		<ContentType>audio/x-mpeg</ContentType>
		<ContentType>audio/mp3</ContentType>
		<ContentType>audio/x-mp3</ContentType>
		<ContentType>audio/mpeg3</ContentType>
		<ContentType>audio/x-mpeg3</ContentType>
		<ContentType>audio/mpg</ContentType>
		<ContentType>audio/x-mpg</ContentType>
		<ContentType>audio/x-mpegaudio</ContentType>
		<Category>Audio</Category>
	</MimeType>
	<MimeType primary="true">
		<Name>Motion Picture Experts Group (MPEG)</Name>
		<FileExt>.mpg</FileExt>
		<FileExt>.mpeg</FileExt>
		<FileExt>.mpe</FileExt>
		<FileExt>.m1v</FileExt>
		<FileExt>.mp2</FileExt>
		<ContentType>video/mpeg</ContentType>
		<ContentType>video/mpg</ContentType>
		<ContentType>video/x-mpg</ContentType>
		<ContentType>video/mpeg2</ContentType>
		<ContentType>application/x-pn-mpg</ContentType>
		<ContentType>video/x-mpeg</ContentType>
		<ContentType>video/x-mpeg2a</ContentType>
		<ContentType>image/mpg</ContentType>
		<Category>Video</Category>
	</MimeType>
	<MimeType>
		<FileExt>.mpp</FileExt>
		<ContentType>application/vnd.ms-project</ContentType>
	</MimeType>
	<MimeType>
		<FileExt>.ms</FileExt>
		<ContentType>application/x-troff-ms</ContentType>
	</MimeType>
	<MimeType>
		<Name>Windows Installer Package</Name>
		<FileExt>.msi</FileExt>
		<ContentType>application/octet-stream</ContentType>
		<Category>Binary</Category>
	</MimeType>
	<MimeType>
		<FileExt>.mso</FileExt>
		<ContentType>application/octet-stream</ContentType>
	</MimeType>
	<MimeType>
		<FileExt>.mvb</FileExt>
		<ContentType>application/x-msmediaview</ContentType>
	</MimeType>
	<MimeType>
		<FileExt>.mvc</FileExt>
		<ContentType>application/x-miva-compiled</ContentType>
	</MimeType>
	<MimeType>
		<FileExt>.nc</FileExt>
		<ContentType>application/x-netcdf</ContentType>
	</MimeType>
	<MimeType>
		<Name>Nero Audio Disc</Name>
		<FileExt>.nra</FileExt>
		<ContentType>application/octet-stream</ContentType>
		<Category>Binary</Category>
	</MimeType>
	<MimeType>
		<Name>Nero Data Disc (ISO)</Name>
		<FileExt>.nri</FileExt>
		<ContentType>application/octet-stream</ContentType>
		<Category>Binary</Category>
	</MimeType>
	<MimeType>
		<FileExt>.nsc</FileExt>
		<ContentType>video/x-ms-asf</ContentType>
		<Category>Video</Category>
	</MimeType>
	<MimeType>
		<Name>ActiveX Object</Name>
		<Description>Object Linking and Embedding (OLE) Control Extension</Description>
		<FileExt>.ocx</FileExt>
		<ContentType>application/octet-stream</ContentType>
		<Category>Binary</Category>
	</MimeType>
	<MimeType>
		<FileExt>.oda</FileExt>
		<ContentType>application/oda</ContentType>
	</MimeType>
	<MimeType>
		<FileExt>.ods</FileExt>
		<ContentType>application/oleobject</ContentType>
	</MimeType>
	<MimeType>
		<FileExt>.p10</FileExt>
		<ContentType>application/pkcs10</ContentType>
	</MimeType>
	<MimeType>
		<FileExt>.p12</FileExt>
		<ContentType>application/x-pkcs12</ContentType>
	</MimeType>
	<MimeType>
		<FileExt>.p7b</FileExt>
		<ContentType>application/x-pkcs7-certificates</ContentType>
	</MimeType>
	<MimeType>
		<FileExt>.p7c</FileExt>
		<ContentType>application/pkcs7-mime</ContentType>
	</MimeType>
	<MimeType>
		<FileExt>.p7m</FileExt>
		<ContentType>application/pkcs7-mime</ContentType>
	</MimeType>
	<MimeType>
		<FileExt>.p7r</FileExt>
		<ContentType>application/x-pkcs7-certreqresp</ContentType>
	</MimeType>
	<MimeType>
		<FileExt>.p7s</FileExt>
		<ContentType>application/pkcs7-signature</ContentType>
	</MimeType>
	<MimeType>
		<FileExt>.pbm</FileExt>
		<ContentType>image/x-portable-bitmap</ContentType>
		<Category>Image</Category>
	</MimeType>
	<MimeType>
		<Name>PaintBrush Bitmap Graphic</Name>
		<FileExt>.pcx</FileExt>
		<ContentType>application/pcx</ContentType>
		<ContentType>application/x-pcx</ContentType>
		<ContentType>image/pcx</ContentType>
		<ContentType>image/x-pc-paintbrush</ContentType>
		<ContentType>image/x-pcx</ContentType>
		<ContentType>zz-application/zz-winassoc-pcx</ContentType>
		<Category>Image</Category>
	</MimeType>
	<MimeType>
		<FileExt>.pcz</FileExt>
		<ContentType>application/octet-stream</ContentType>
	</MimeType>
	<MimeType>
		<Name>Debugger Symbols</Name>
		<FileExt>.pdb</FileExt>
		<ContentType>application/octet-stream</ContentType>
		<Category>Binary</Category>
	</MimeType>
	<MimeType>
		<Name>Portable Document Format</Name>
		<FileExt>.pdf</FileExt>
		<ContentType>application/pdf</ContentType>
		<Category>Document</Category>
	</MimeType>
	<MimeType>
		<FileExt>.pfb</FileExt>
		<ContentType>application/octet-stream</ContentType>
	</MimeType>
	<MimeType>
		<FileExt>.pfm</FileExt>
		<ContentType>application/octet-stream</ContentType>
	</MimeType>
	<MimeType>
		<FileExt>.pfx</FileExt>
		<ContentType>application/x-pkcs12</ContentType>
	</MimeType>
	<MimeType>
		<FileExt>.pgm</FileExt>
		<ContentType>image/x-portable-graymap</ContentType>
		<Category>Image</Category>
	</MimeType>
	<MimeType>
		<FileExt>.pko</FileExt>
		<ContentType>application/vnd.ms-pki.pko</ContentType>
	</MimeType>
	<MimeType>
		<FileExt>.pma</FileExt>
		<ContentType>application/x-perfmon</ContentType>
	</MimeType>
	<MimeType>
		<FileExt>.pmc</FileExt>
		<ContentType>application/x-perfmon</ContentType>
	</MimeType>
	<MimeType>
		<FileExt>.pml</FileExt>
		<ContentType>application/x-perfmon</ContentType>
	</MimeType>
	<MimeType>
		<FileExt>.pmr</FileExt>
		<ContentType>application/x-perfmon</ContentType>
	</MimeType>
	<MimeType>
		<FileExt>.pmw</FileExt>
		<ContentType>application/x-perfmon</ContentType>
	</MimeType>
	<MimeType>
		<Name>Portable Network Graphic</Name>
		<FileExt>.png</FileExt>
		<ContentType>image/png</ContentType>
		<Category>Image</Category>
	</MimeType>
	<MimeType>
		<FileExt>.pnm</FileExt>
		<ContentType>image/x-portable-anymap</ContentType>
		<Category>Image</Category>
	</MimeType>
	<MimeType>
		<FileExt>.pnz</FileExt>
		<ContentType>image/png</ContentType>
		<Category>Image</Category>
	</MimeType>
	<MimeType>
		<Name>PowerPoint Template</Name>
		<FileExt>.pot</FileExt>
		<ContentType>application/vnd.ms-powerpoint</ContentType>
		<ContentType>application/mspowerpoint</ContentType>
		<ContentType>application/x-mspowerpoint</ContentType>
		<ContentType>application/powerpoint</ContentType>
		<ContentType>application/x-powerpoint</ContentType>
		<ContentType>application/x-dos_ms_powerpnt</ContentType>
		<ContentType>application/pot</ContentType>
		<ContentType>application/x-soffice</ContentType>
		<Category>Document</Category>
	</MimeType>
	<MimeType>
		<FileExt>.ppm</FileExt>
		<ContentType>image/x-portable-pixmap</ContentType>
		<Category>Image</Category>
	</MimeType>
	<MimeType>
		<FileExt>.pps</FileExt>
		<ContentType>application/vnd.ms-pps</ContentType>
		<Category>Document</Category>
	</MimeType>
	<MimeType>
		<Name>PowerPoint Presentation</Name>
		<FileExt>.ppt</FileExt>
		<ContentType>application/vnd.ms-powerpoint</ContentType>
		<ContentType>application/mspowerpoint</ContentType>
		<ContentType>application/ms-powerpoint</ContentType>
		<ContentType>application/mspowerpnt</ContentType>
		<ContentType>application/vnd-mspowerpoint</ContentType>
		<ContentType>application/powerpoint</ContentType>
		<ContentType>application/x-powerpoint</ContentType>
		<ContentType>application/x-mspowerpoint</ContentType>
		<Category>Document</Category>
	</MimeType>
	<MimeType>
		<FileExt>.prf</FileExt>
		<ContentType>application/pics-rules</ContentType>
	</MimeType>
	<MimeType>
		<FileExt>.prm</FileExt>
		<ContentType>application/octet-stream</ContentType>
	</MimeType>
	<MimeType>
		<FileExt>.prx</FileExt>
		<ContentType>application/octet-stream</ContentType>
	</MimeType>
	<MimeType>
		<Name>PostScript</Name>
		<FileExt>.ps</FileExt>
		<ContentType>application/postscript</ContentType>
		<Category>Document</Category>
	</MimeType>
	<MimeType>
		<Name>PhotoShop Format</Name>
		<FileExt>.psd</FileExt>
		<ContentType>image/vnd.adobe.photoshop</ContentType>
		<ContentType>image/photoshop</ContentType>
		<ContentType>image/x-photoshop</ContentType>
		<ContentType>image/psd</ContentType>
		<ContentType>application/photoshop</ContentType>
		<ContentType>application/psd</ContentType>
		<ContentType>zz-application/zz-winassoc-psd</ContentType>
		<ContentType>application/octet-stream</ContentType>
		<Category>Image</Category>
	</MimeType>
	<MimeType>
		<FileExt>.psm</FileExt>
		<ContentType>application/octet-stream</ContentType>
	</MimeType>
	<MimeType>
		<FileExt>.psp</FileExt>
		<ContentType>application/octet-stream</ContentType>
	</MimeType>
	<MimeType>
		<FileExt>.pub</FileExt>
		<ContentType>application/x-mspublisher</ContentType>
		<Category>Document</Category>
	</MimeType>
	<MimeType>
		<FileExt>.qtl</FileExt>
		<ContentType>application/x-quicktimeplayer</ContentType>
	</MimeType>
	<MimeType>
		<FileExt>.qxd</FileExt>
		<ContentType>application/octet-stream</ContentType>
	</MimeType>
	<MimeType>
		<Name>Real Audio</Name>
		<FileExt>.ra</FileExt>
		<FileExt>.ram</FileExt>
		<ContentType>audio/x-pn-realaudio</ContentType>
		<Category>Audio</Category>
	</MimeType>
	<MimeType>
		<Name>RAR Archive</Name>
		<FileExt>.rar</FileExt>
		<ContentType>application/octet-stream</ContentType>
		<Category>Compressed</Category>
	</MimeType>
	<MimeType>
		<FileExt>.ras</FileExt>
		<ContentType>image/x-cmu-raster</ContentType>
		<Category>Image</Category>
	</MimeType>
	<MimeType>
		<Name>Resource XML</Name>
		<FileExt>.resx</FileExt>
		<ContentType>application/xml</ContentType>
		<Category>Xml</Category>
	</MimeType>
	<MimeType>
		<Name>RealFlash</Name>
		<FileExt>.rf</FileExt>
		<ContentType>image/vnd.rn-realflash</ContentType>
		<Category>Image</Category>
	</MimeType>
	<MimeType>
		<FileExt>.rgb</FileExt>
		<ContentType>image/x-rgb</ContentType>
		<Category>Image</Category>
	</MimeType>
	<MimeType>
		<Name>RealMedia</Name>
		<FileExt>.rm</FileExt>
		<ContentType>application/vnd.rn-realmedia</ContentType>
		<Category>Video</Category>
	</MimeType>
	<MimeType>
		<FileExt>.rmi</FileExt>
		<ContentType>audio/mid</ContentType>
		<Category>Audio</Category>
	</MimeType>
	<MimeType>
		<FileExt>.roff</FileExt>
		<ContentType>application/x-troff</ContentType>
	</MimeType>
	<MimeType>
		<FileExt>.rpm</FileExt>
		<ContentType>audio/x-pn-realaudio-plugin</ContentType>
		<Category>Audio</Category>
	</MimeType>
	<MimeType>
		<Name>Really Simple Syndication (RSS) News Feed</Name>
		<FileExt>.rss</FileExt>
		<ContentType>application/rss+xml</ContentType>
		<Category>Xml</Category>
	</MimeType>
	<MimeType>
		<Name>RichText</Name>
		<FileExt>.rtf</FileExt>
		<FileExt>.rtx</FileExt>
		<ContentType>application/rtf</ContentType>
		<ContentType>text/richtext</ContentType>
		<Category>Document</Category>
	</MimeType>
	<MimeType>
		<FileExt>.rtx</FileExt>
		<ContentType>text/rtx</ContentType>
	</MimeType>
	<MimeType>
		<FileExt>.scd</FileExt>
		<ContentType>application/x-msschedule</ContentType>
	</MimeType>
	<MimeType>
		<FileExt>.sct</FileExt>
		<ContentType>text/scriptlet</ContentType>
	</MimeType>
	<MimeType>
		<FileExt>.sea</FileExt>
		<ContentType>application/octet-stream</ContentType>
	</MimeType>
	<MimeType>
		<FileExt>.setpay</FileExt>
		<ContentType>application/set-payment-initiation</ContentType>
	</MimeType>
	<MimeType>
		<FileExt>.setreg</FileExt>
		<ContentType>application/set-registration-initiation</ContentType>
	</MimeType>
	<MimeType>
		<Name>Standardized General Markup Language (SGML)</Name>
		<FileExt>.sgml</FileExt>
		<ContentType>text/sgml</ContentType>
		<Category>Code</Category>
	</MimeType>
	<MimeType>
		<FileExt>.sh</FileExt>
		<ContentType>application/x-sh</ContentType>
		<Category>Binary</Category>
	</MimeType>
	<MimeType>
		<FileExt>.shar</FileExt>
		<ContentType>application/x-shar</ContentType>
	</MimeType>
	<MimeType>
		<Name>Stuffit Archive</Name>
		<FileExt>.sit</FileExt>
		<ContentType>application/x-stuffit</ContentType>
		<Category>Compressed</Category>
	</MimeType>
	<MimeType>
		<FileExt>.smd</FileExt>
		<ContentType>audio/x-smd</ContentType>
		<Category>Audio</Category>
	</MimeType>
	<MimeType>
		<FileExt>.smi</FileExt>
		<ContentType>application/octet-stream</ContentType>
	</MimeType>
	<MimeType>
		<FileExt>.smx</FileExt>
		<ContentType>audio/x-smd</ContentType>
		<Category>Audio</Category>
	</MimeType>
	<MimeType>
		<FileExt>.smz</FileExt>
		<ContentType>audio/x-smd</ContentType>
		<Category>Audio</Category>
	</MimeType>
	<MimeType>
		<Name>Sound Format (SND)</Name>
		<FileExt>.snd</FileExt>
		<ContentType>audio/basic</ContentType>
		<Category>Audio</Category>
	</MimeType>
	<MimeType>
		<FileExt>.snp</FileExt>
		<ContentType>application/octet-stream</ContentType>
	</MimeType>
	<MimeType>
		<FileExt>.spc</FileExt>
		<ContentType>application/x-pkcs7-certificates</ContentType>
	</MimeType>
	<MimeType>
		<FileExt>.spl</FileExt>
		<ContentType>application/futuresplash</ContentType>
	</MimeType>
	<MimeType>
		<FileExt>.src</FileExt>
		<ContentType>application/x-wais-source</ContentType>
	</MimeType>
	<MimeType>
		<FileExt>.ssm</FileExt>
		<ContentType>application/streamingmedia</ContentType>
	</MimeType>
	<MimeType>
		<FileExt>.sst</FileExt>
		<ContentType>application/vnd.ms-pki.certstore</ContentType>
	</MimeType>
	<MimeType>
		<FileExt>.stl</FileExt>
		<ContentType>application/vnd.ms-pki.stl</ContentType>
	</MimeType>
	<MimeType>
		<FileExt>.sv4cpio</FileExt>
		<ContentType>application/x-sv4cpio</ContentType>
	</MimeType>
	<MimeType>
		<FileExt>.sv4crc</FileExt>
		<ContentType>application/x-sv4crc</ContentType>
	</MimeType>
	<MimeType>
		<Name>Shockwave Flash</Name>
		<FileExt>.swf</FileExt>
		<ContentType>application/x-shockwave-flash</ContentType>
		<Category>Video</Category>
	</MimeType>
	<MimeType>
		<FileExt>.t</FileExt>
		<ContentType>application/x-troff</ContentType>
	</MimeType>
	<MimeType>
		<Name>Tape Archive</Name>
		<FileExt>.tar</FileExt>
		<ContentType>application/x-tar</ContentType>
		<ContentType>application/tar</ContentType>
		<ContentType>applicaton/x-gtar</ContentType>
		<ContentType>multipart/x-tar</ContentType>
		<ContentType>application/x-compress</ContentType>
		<ContentType>application/x-compressed</ContentType>
		<Category>Compressed</Category>
	</MimeType>
	<MimeType>
		<FileExt>.tcl</FileExt>
		<ContentType>application/x-tcl</ContentType>
	</MimeType>
	<MimeType>
		<FileExt>.texi</FileExt>
		<ContentType>application/x-texinfo</ContentType>
	</MimeType>
	<MimeType>
		<FileExt>.texinfo</FileExt>
		<ContentType>application/x-texinfo</ContentType>
	</MimeType>
	<MimeType>
		<FileExt>.tgz</FileExt>
		<ContentType>application/x-compressed</ContentType>
	</MimeType>
	<MimeType>
		<FileExt>.thn</FileExt>
		<ContentType>application/octet-stream</ContentType>
	</MimeType>
	<MimeType>
		<Name>Tagged Image File Format (TIFF)</Name>
		<FileExt>.tif</FileExt>
		<FileExt>.tiff</FileExt>
		<ContentType>image/tiff</ContentType>
		<ContentType>image/tiff-fx</ContentType>
		<Category>Image</Category>
	</MimeType>
	<MimeType>
		<FileExt>.toc</FileExt>
		<ContentType>application/octet-stream</ContentType>
	</MimeType>
	<MimeType>
		<FileExt>.tr</FileExt>
		<ContentType>application/x-troff</ContentType>
	</MimeType>
	<MimeType>
		<FileExt>.trm</FileExt>
		<ContentType>application/x-msterminal</ContentType>
	</MimeType>
	<MimeType>
		<Name>Tab Separated Values</Name>
		<FileExt>.tsv</FileExt>
		<ContentType>text/tab-separated-values</ContentType>
		<Category>Text</Category>
	</MimeType>
	<MimeType>
		<FileExt>.ttf</FileExt>
		<ContentType>application/octet-stream</ContentType>
	</MimeType>
	<MimeType primary="true">
		<Name>Plain Text</Name>
		<FileExt>.txt</FileExt>
		<FileExt>.text</FileExt>
		<ContentType>text/plain</ContentType>
		<ContentType>application/txt</ContentType>
		<ContentType>browser/internal</ContentType>
		<ContentType>text/anytext</ContentType>
		<ContentType>widetext/plain</ContentType>
		<ContentType>widetext/paragraph</ContentType>
		<Category>Text</Category>
	</MimeType>
	<MimeType>
		<FileExt>.u32</FileExt>
		<ContentType>application/octet-stream</ContentType>
	</MimeType>
	<MimeType>
		<FileExt>.uls</FileExt>
		<ContentType>text/iuls</ContentType>
	</MimeType>
	<MimeType>
		<Name>Internet Shortcut</Name>
		<FileExt>.url</FileExt>
		<ContentType>text/plain</ContentType>
		<Category>Text</Category>
	</MimeType>
	<MimeType>
		<FileExt>.ustar</FileExt>
		<ContentType>application/x-ustar</ContentType>
	</MimeType>
	<MimeType>
		<Name>VBScript Source Code</Name>
		<FileExt>.vbs</FileExt>
		<ContentType>text/vbscript</ContentType>
		<Category>Code</Category>
	</MimeType>
	<MimeType>
		<Name>vCard File</Name>
		<FileExt>.vcf</FileExt>
		<ContentType>text/x-vcard</ContentType>
		<ContentType>application/vcard</ContentType>
		<ContentType>text/anytext</ContentType>
		<ContentType>text/directory</ContentType>
		<ContentType>application/x-versit</ContentType>
		<ContentType>text/x-versit</ContentType>
		<ContentType>text/x-vcalendar</ContentType>
		<Category>Text</Category>
	</MimeType>
	<MimeType>
		<Name>vCalendar File</Name>
		<FileExt>.vcs</FileExt>
		<ContentType>application/hbs-vcs</ContentType>
		<ContentType>text/calendar</ContentType>
		<ContentType>text/x-vcalendar</ContentType>
		<ContentType>text/plain</ContentType>
		<Category>Text</Category>
	</MimeType>
	<MimeType>
		<FileExt>.vdx</FileExt>
		<ContentType>application/vnd.visio</ContentType>
		<Category>Document</Category>
	</MimeType>
	<MimeType>
		<FileExt>.vml</FileExt>
		<ContentType>application/xml</ContentType>
		<ContentType>text/xml</ContentType>
		<Category>Xml</Category>
	</MimeType>
	<MimeType>
		<FileExt>.vsd</FileExt>
		<ContentType>application/vnd.visio</ContentType>
		<Category>Document</Category>
	</MimeType>
	<MimeType>
		<Name>Visual Studio Community Content Installer</Name>
		<FileExt>.vsi</FileExt>
		<ContentType>application/octet-stream</ContentType>
		<Category>Compressed</Category>
	</MimeType>
	<MimeType>
		<FileExt>.vss</FileExt>
		<ContentType>application/vnd.visio</ContentType>
		<Category>Document</Category>
	</MimeType>
	<MimeType>
		<FileExt>.vst</FileExt>
		<ContentType>application/vnd.visio</ContentType>
		<Category>Document</Category>
	</MimeType>
	<MimeType>
		<FileExt>.vsw</FileExt>
		<ContentType>application/vnd.visio</ContentType>
		<Category>Document</Category>
	</MimeType>
	<MimeType>
		<FileExt>.vsx</FileExt>
		<ContentType>application/vnd.visio</ContentType>
		<Category>Document</Category>
	</MimeType>
	<MimeType>
		<FileExt>.vtx</FileExt>
		<ContentType>application/vnd.visio</ContentType>
		<Category>Document</Category>
	</MimeType>
	<MimeType>
		<Name>Waveform Audio</Name>
		<FileExt>.wav</FileExt>
		<FileExt>.wave</FileExt>
		<ContentType>audio/wav</ContentType>
		<ContentType>audio/x-wav</ContentType>
		<ContentType>audio/wave</ContentType>
		<ContentType>audio/x-pn-wav</ContentType>
		<Category>Audio</Category>
	</MimeType>
	<MimeType>
		<Name>Windows Media Audio Redirector (WAX)</Name>
		<FileExt>.wax</FileExt>
		<ContentType>audio/x-ms-wax</ContentType>
		<Category>Audio</Category>
	</MimeType>
	<MimeType>
		<FileExt>.wbmp</FileExt>
		<ContentType>image/vnd.wap.wbmp</ContentType>
		<Category>Image</Category>
	</MimeType>
	<MimeType>
		<Name>Microsoft Works Communication</Name>
		<FileExt>.wcm</FileExt>
		<ContentType>application/vnd.ms-works</ContentType>
		<Category>Document</Category>
	</MimeType>
	<MimeType>
		<Name>Microsoft Works DataBase</Name>
		<FileExt>.wdb</FileExt>
		<ContentType>application/vnd.ms-works</ContentType>
		<Category>Document</Category>
	</MimeType>
	<MimeType>
		<Name>Microsoft Works Spreadsheet</Name>
		<FileExt>.wks</FileExt>
		<ContentType>application/vnd.ms-works</ContentType>
		<Category>Document</Category>
	</MimeType>
	<MimeType>
		<Name>Windows Media</Name>
		<FileExt>.wma</FileExt>
		<ContentType>audio/x-ms-wma</ContentType>
		<Category>Audio</Category>
	</MimeType>
	<MimeType>
		<Name>Windows Media Download Package</Name>
		<FileExt>.wmd</FileExt>
		<ContentType>application/x-ms-wmd</ContentType>
		<Category>Video</Category>
	</MimeType>
	<MimeType>
		<Name>Windows Metafile</Name>
		<FileExt>.wmf</FileExt>
		<ContentType>application/x-msmetafile</ContentType>
		<ContentType>application/wmf</ContentType>
		<ContentType>application/x-wmf</ContentType>
		<ContentType>image/wmf</ContentType>
		<ContentType>image/x-wmf</ContentType>
		<ContentType>image/x-win-metafile</ContentType>
		<ContentType>zz-application/zz-winassoc-wmf</ContentType>
		<Category>Image</Category>
	</MimeType>
	<MimeType>
		<FileExt>.wml</FileExt>
		<ContentType>text/vnd.wap.wml</ContentType>
		<Category>Code</Category>
	</MimeType>
	<MimeType>
		<FileExt>.wmlc</FileExt>
		<ContentType>application/vnd.wap.wmlc</ContentType>
		<Category>Code</Category>
	</MimeType>
	<MimeType>
		<FileExt>.wmls</FileExt>
		<ContentType>text/vnd.wap.wmlscript</ContentType>
		<Category>Code</Category>
	</MimeType>
	<MimeType>
		<FileExt>.wmlsc</FileExt>
		<ContentType>application/vnd.wap.wmlscriptc</ContentType>
		<Category>Code</Category>
	</MimeType>
	<MimeType>
		<Name>Windows Media Player</Name>
		<FileExt>.wmp</FileExt>
		<ContentType>video/x-ms-wmp</ContentType>
		<ContentType>video/x-ms-asf</ContentType>
		<Category>Video</Category>
	</MimeType>
	<MimeType>
		<Name>Windows Media</Name>
		<FileExt>.wmv</FileExt>
		<ContentType>video/x-ms-wmv</ContentType>
		<Category>Video</Category>
	</MimeType>
	<MimeType>
		<Name>Windows Media Player</Name>
		<FileExt>.wm</FileExt>
		<ContentType>video/x-ms-wm</ContentType>
		<Category>Video</Category>
	</MimeType>
	<MimeType>
		<Name>Windows Media Redirector (WMX)</Name>
		<FileExt>.wmx</FileExt>
		<ContentType>video/x-ms-wmx</ContentType>
		<Category>Video</Category>
	</MimeType>
	<MimeType>
		<Name>Windows Media Compressed Skin</Name>
		<FileExt>.wmz</FileExt>
		<ContentType>application/x-ms-wmz</ContentType>
		<Category>Binary</Category>
	</MimeType>
	<MimeType>
		<Name>Windows Media Player Playlist (WPL)</Name>
		<FileExt>.wpl</FileExt>
		<ContentType>application/vnd.ms-wpl</ContentType>
		<ContentType>application/x-webrecord</ContentType>
		<Category>Video</Category>
	</MimeType>
	<MimeType>
		<Name>Microsoft Works Text</Name>
		<FileExt>.wps</FileExt>
		<ContentType>application/vnd.ms-works</ContentType>
		<Category>Document</Category>
	</MimeType>
	<MimeType>
		<FileExt>.wri</FileExt>
		<ContentType>application/x-mswrite</ContentType>
		<Category>Document</Category>
	</MimeType>
	<MimeType>
		<FileExt>.wrl</FileExt>
		<ContentType>x-world/x-vrml</ContentType>
		<Category>Xml</Category>
	</MimeType>
	<MimeType>
		<FileExt>.wrz</FileExt>
		<ContentType>x-world/x-vrml</ContentType>
		<Category>Xml</Category>
	</MimeType>
	<MimeType>
		<Name>Web Services Description Language</Name>
		<Description>An XML format for describing network services as a set of endpoints operating on messages containing either document-oriented or procedure-oriented information.</Description>
		<FileExt>.wsdl</FileExt>
		<ContentType>application/xml</ContentType>
		<ContentType>text/xml</ContentType>
		<Category>Xml</Category>
	</MimeType>
	<MimeType>
		<Name>Windows Media Video Redirector (WVX)</Name>
		<FileExt>.wvx</FileExt>
		<ContentType>video/x-ms-wvx</ContentType>
		<Category>Video</Category>
	</MimeType>
	<MimeType>
		<FileExt>.x</FileExt>
		<ContentType>application/directx</ContentType>
	</MimeType>
	<MimeType>
		<FileExt>.xaf</FileExt>
		<ContentType>x-world/x-vrml</ContentType>
		<Category>Xml</Category>
	</MimeType>
	<MimeType>
		<FileExt>.xbm</FileExt>
		<ContentType>image/x-xbitmap</ContentType>
		<Category>Image</Category>
	</MimeType>
	<MimeType>
		<FileExt>.xdr</FileExt>
		<ContentType>text/plain</ContentType>
	</MimeType>
	<MimeType primary="true">
		<Name>XHTML</Name>
		<FileExt>.xhtml</FileExt>
		<ContentType>application/html+xml</ContentType>
		<ContentType>application/xml</ContentType>
		<ContentType>text/html</ContentType>
		<Category>Xml</Category>
	</MimeType>
	<MimeType>
		<Name>Microsoft Excel Add-in</Name>
		<FileExt>.xla</FileExt>
		<ContentType>application/vnd.ms-excel</ContentType>
		<Category>Binary</Category>
	</MimeType>
	<MimeType>
		<Name>Microsoft Excel Chart</Name>
		<FileExt>.xlc</FileExt>
		<ContentType>application/vnd.ms-excel</ContentType>
		<Category>Document</Category>
	</MimeType>
	<MimeType>
		<Name>Microsoft Excel Macro</Name>
		<FileExt>.xlm</FileExt>
		<ContentType>application/vnd.ms-excel</ContentType>
		<Category>Document</Category>
	</MimeType>
	<MimeType>
		<Name>Microsoft Excel Spreadsheet</Name>
		<FileExt>.xls</FileExt>
		<ContentType>application/vnd.ms-excel</ContentType>
		<Category>Document</Category>
	</MimeType>
	<MimeType>
		<Name>Microsoft Excel Template</Name>
		<FileExt>.xlt</FileExt>
		<ContentType>application/vnd.ms-excel</ContentType>
		<Category>Document</Category>
	</MimeType>
	<MimeType>
		<Name>Microsoft Excel Workspace</Name>
		<FileExt>.xlw</FileExt>
		<ContentType>application/vnd.ms-excel</ContentType>
		<Category>Document</Category>
	</MimeType>
	<MimeType primary="true">
		<Name>Extensible Markup Language (XML)</Name>
		<FileExt>.xml</FileExt>
		<ContentType>application/xml</ContentType>
		<ContentType>text/xml</ContentType>
		<ContentType>application/x-xml</ContentType>
		<Category>Xml</Category>
	</MimeType>
	<MimeType>
		<FileExt>.xof</FileExt>
		<ContentType>x-world/x-vrml</ContentType>
	</MimeType>
	<MimeType>
		<FileExt>.xpm</FileExt>
		<ContentType>image/x-xpixmap</ContentType>
		<Category>Image</Category>
	</MimeType>
	<MimeType>
		<Name>XML Schema Definition</Name>
		<FileExt>.xsd</FileExt>
		<ContentType>application/xml</ContentType>
		<ContentType>text/xml</ContentType>
		<Category>Xml</Category>
	</MimeType>
	<MimeType>
		<FileExt>.xsf</FileExt>
		<ContentType>application/xml</ContentType>
		<ContentType>text/xml</ContentType>
		<Category>Xml</Category>
	</MimeType>
	<MimeType>
		<Name>XSL Transformation</Name>
		<FileExt>.xsl</FileExt>
		<FileExt>.xslt</FileExt>
		<ContentType>application/xml</ContentType>
		<ContentType>text/xml</ContentType>
		<Category>Xml</Category>
	</MimeType>
	<MimeType>
		<FileExt>.xsn</FileExt>
		<ContentType>application/octet-stream</ContentType>
	</MimeType>
	<MimeType>
		<FileExt>.xwd</FileExt>
		<ContentType>image/x-xwindowdump</ContentType>
		<Category>Image</Category>
	</MimeType>
	<MimeType>
		<Name>UNIX Archive</Name>
		<FileExt>.z</FileExt>
		<ContentType>application/x-compress</ContentType>
		<ContentType>application/x-compressed</ContentType>
		<ContentType>application/gzip</ContentType>
		<ContentType>application/x-gzip</ContentType>
		<ContentType>application/z</ContentType>
		<ContentType>application/x-z</ContentType>
		<Category>Compressed</Category>
	</MimeType>
	<MimeType>
		<Name>Zip Archive</Name>
		<FileExt>.zip</FileExt>
		<ContentType>application/x-zip-compressed</ContentType>
		<ContentType>application/zip</ContentType>
		<ContentType>application/x-zip</ContentType>
		<ContentType>application/octet-stream</ContentType>
		<ContentType>application/x-compress</ContentType>
		<ContentType>application/x-compressed</ContentType>
		<ContentType>multipart/x-zip</ContentType>
		<Category>Compressed</Category>
	</MimeType>
</ArrayOfMimeType>